{"pairs":[
	{"x0":72.836082, "y0":148.177124,
{"x1":74.440132, "y1":166.744583},
	{"x0":102.774742, "y0":87.129738,
{"x1":92.870262, "y1":120.748917},
	{"x0":47.259132, "y0":70.924400,
{"x1":99.484238, "y1":17.732475},
	{"x0":153.362839, "y0":98.819542,
{"x1":125.072182, "y1":129.637131},
